{
  "characters": {
    "Masca": {
      "font": "default_font",
      "sounds": {
        "neutral": [],
        "happy": [],
        "sad": [],
        "angry": [],
        "surprised": [],
        "suspicious": []
      },
      "Color": "#943721"
    },
    "Ronda": {
      "font": "default_font",
      "sounds": {
        "neutral": [],
        "happy": [],
        "sad": [],
        "angry": [],
        "surprised": [],
        "suspicious": []
      },
      "Color": "#ff9a24"
    }
  },
  "lastModified": "2026-01-28T22:53:47.037519"
}